id,source,screen,issue,journey,sev,impact_1to5,complexity,flags,status,evidence,next_action
UX-001,UX_AUDIT N1,offline.html / PWA,Offline page can show when network is fine,J10,High,4,S,A11Y,Implemented-uncommitted,web/public/offline.html modified; navigator.onLine gate present,Verify in browser (Phase 1)
UX-020,UX_AUDIT N2,POS,F2 should focus scanner,J3,High,4,S,,Verified-by-test,PosPage.hotkeys.test.tsx passes; pos-keyboard-checkout.spec.ts passes in Chrome (mock mode),Verify
UX-006,UX_AUDIT N4,POS,Enter: exact code wins over highlighted name,J3,High,4,M,,Implemented-uncommitted,posEnter.ts + 5 passing tests; POS_ENTER_EXACT_WINS=true,Verify
UX-002/005,UX_AUDIT N3,POS,Scanner first; tender-disabled reason not visible,J3,High,5,M,A11Y;COG,Verified-by-test,"pos-friction.spec.ts: scan field focused on open, no focus theft; tender buttons carry aria-describedby=pos-tender-blocker",Verify field order + focus return in browser
UX-007,UX_AUDIT N5,POS,Leave counter guard (Stay/Discard),J3,High,4,S,,Implemented-uncommitted,UnsavedChangesGuard in PosPage.tsx,Verify
UX-D1,UX_AUDIT D1,Shared,One device-draft helper,J3;J4,High,4,M,,Implemented-uncommitted,lib/deviceDraft.ts + test,Verify logout clears
UX-022,UX_AUDIT N6,New invoice,Invoice draft restore,J4,High,5,M,,Implemented-uncommitted,deviceDraft used in NewInvoicePage.tsx,Verify revalidation of party/price
UX-024,UX_AUDIT N9,POS,Persist held counter sessions,J3,High,4,M,,Implemented-uncommitted,posRestore.ts + test; PosPage uses deviceDraft,Verify
UX-003/004,UX_AUDIT N7,Home,"Home shows shop, not telemetry table",J10,Medium,4,M,COG,Verified-mock-mode,"Browser 2026-09-30: Dashboard shows sales, purchases, low stock, customer outstanding, supplier payables KPIs and Business alerts; no telemetry table",Walk in browser
UX-009,UX_AUDIT N8,Receipts,Rename to Receipts; Allocate action,J5,High,4,S,,Verified-mock-mode,Browser: /sales/receipts titled Receipts with New receipt button and Allocated column. Void confirm uses a bottom sheet below 900px,Verify
UX-021,UX_AUDIT X1,Doc editors,"Sticky action dock, safe-area inset",J4;J6,High,4,M,MOBILE,Implemented-uncommitted,DocumentEditorShell.tsx safe-area-inset-bottom,Verify at 375px
UX-008/013,UX_AUDIT X2,Invoice,One payable figure; named defaults,J4,Medium,3,S,COG,Implemented-uncommitted,invoiceDefaults.ts + test,Verify
UX-023,UX_AUDIT X3,Invoice,Credit line under customer,J4;J5,High,4,S,,Implemented-uncommitted,creditLine.ts + test,Verify
UX-010,UX_AUDIT X5,Attention,One Fix on setup blockers,J2;J10,Medium,3,M,,Implemented-uncommitted,AttentionPage.tsx + test modified,Verify
UX-011,UX_AUDIT X6,Purchases,Purchase copy without hiding RCM/ITC,J6,Medium,3,S,I18N,Not-evidenced,NewPurchasePage.tsx modified,Verify
UX-012,UX_AUDIT X7,Sales nav,Shorter Sales menu; which billing screen,J4,Medium,3,M,COG,Verified-mock-mode,"Browser 2026-09-30: Sales menu = New Invoice, Sales History, Quotations, Receipts, Customers, More",Verify
UX-014,UX_AUDIT X8,Dashboard/Low stock,Low-stock heading; predicate unchanged,J7,Low,2,S,BIZ-LOGIC,Founder-decision,Default keep <=; en.ts lowStock=Low stock,Ask founder if equality is alert
UX-027,UX_AUDIT X9,App shell,Company name in header,J10,Medium,3,S,,Implemented-uncommitted,AppShell.tsx,Verify
UX-015,UX_AUDIT L1,Copy,"One glossary (Receipts, Supplier payments, Purchase bill date, Warehouse)",All,Medium,3,S,I18N,Implemented-uncommitted,en.ts purchaseInvDate=Purchase bill date,Confirm every row of glossary table
UX-016,UX_AUDIT L2,Customers/Suppliers,Reject non-name party names,J4;J6,Low,2,S,,Implemented-uncommitted,utils/partyName.ts; backend/tests/test_party_name.py,Verify backend serializer touch is validation only
UX-017,UX_AUDIT L3,Lists,Short document numbers,J4;J6,Low,2,S,,Implemented-uncommitted,utils/documentNumber.ts + test,Verify
UX-018,UX_AUDIT L4,Alerts,One live region per alert,All,Low,2,S,A11Y,Implemented-uncommitted,aria-live in DocumentTaxSummary.tsx,Verify
UX-019,UX_AUDIT L5,POS,Counter limitation copy only when it matters,J3,Low,2,S,,Not-evidenced,,Check after N9
UX-025,UX_AUDIT L6,POS,Short stock and shelf life in cell,J3;J7,Medium,3,M,BACKEND,Partial,Short-stock text works. Expiry chip read Product.expiryDate which the API never sends (no expiry in masters serializer; tsc TS2339) so it never rendered. Dead chip removed 2026-09-30; utils/expiryTone.ts kept,Wave 2: source expiry from the chosen batch lot (BatchLot.expiryDate) without picking the lot
UX-026,UX_AUDIT L7,Global,"aria-live totals, focus ring, 48px targets, bottom sheets, scan beep off",J3,Medium,4,L,A11Y;MOBILE,Partial,focus-visible in theme; aria-live in PosPage; no 48px or drawer evidence,Complete 48px + drawer at <md
CW-01,CW plan,Customers form,Duplicate Pincode input,J4,Medium,3,S,,Implemented-uncommitted,CustomersPage.tsx still references pincode (5 hits) -- confirm one input,Verify only one Pincode field
CW-02,CW plan,Receipts,Preload active customers on dialog open,J5,High,4,S,,Implemented-uncommitted,ReceiptsPage.tsx modified + tests,Verify
CW-03,CW plan,Setup wizard,First bill saves draft only; HSN blankable,J2,High,4,M,,Implemented-uncommitted,SetupWizardPage.tsx + test modified,Verify no posting
CW-04,CW plan,Item dialog,Hero fields + tab switching,J7,Medium,3,M,COG,Implemented-uncommitted,ItemFormDialog.tsx + new test,Verify
CW-05,CW plan,New invoice,Actionable next-step guidance instead of dead disabled Save,J4,High,5,M,COG;A11Y,Partial,"Browser: /sales/new shows a generic blocked-Complete sentence (hard-coded NewInvoicePage.tsx:767, says supplier on a sales bill) but no jump-to-field action",See UX-N14
F-STATUS,UX_AUDIT,Status chips,Status semantics (Completed on unpaid -> Unpaid),J4;J5,Medium,3,S,,Implemented-uncommitted,utils/status.ts + test modified,Verify
UX-06,UX_IMPL,Bank reconciliation,Split-pane bank match,J9,High,4,L,BIZ-LOGIC;DESIGN-NEEDED,Deferred,UX_AUDIT: reconciliation not walked; undo of posted match is a ledger change,Walk reconciliation in Phase 1; separate from undo
UX-05x,UX_AUDIT rejected,POS,New F7/F8 multi-cart,J3,-,-,-,,Won't-fix,Rejected: N5/N9 persist existing sessions,-
UX-PIN,UX_AUDIT rejected,POS,Proprietor PIN to override credit hold,J3,-,-,-,BIZ-LOGIC,Won't-fix,Rejected: credit hold blocks Complete,-
CW-R1,CW plan rejected,Nav,Sell/Buy/Money menu overhaul,J10,-,-,-,,Deferred,"Rejected this cycle (help links, pack gating). Revisit after Phase 1 IA evidence",Revisit Phase 2
CW-R2,CW plan rejected,Tables,"Tally shortcut remap (Alt+A, Alt+C, Enter)",J4,-,-,-,,Deferred,Needs standalone RFC,RFC if user sessions ask
CW-R3,CW plan rejected,Customer,Auto-assign home state,J4,-,-,-,BIZ-LOGIC,Won't-fix,Wrong tax risk,-
CW-R4,CW plan rejected,Invoice,One-click inline stock adjustment,J4;J7,-,-,-,BIZ-LOGIC,Won't-fix,Corrupts audit trail,-
CW-R5,CW plan rejected,POS,Auto-FEFO lot selection,J3,-,-,-,BIZ-LOGIC,Deferred,See L6; tender stays disabled until lot confirmed,-
CLAIM-1,UI_UX_FINDINGS/ACCESSIBILITY,POS,Docs claim F2 opens Tender modal and 2.8s checkout; UX_AUDIT says PosPage had no F2 handler,J3,-,-,-,,Contradicted-claim,Older docs unverified; measured 2.8s not reproducible from code,Measure with Playwright in Phase 1
CLAIM-2,ACCESSIBILITY_FINDINGS,Global,"Claims zero axe violations, zero keyboard traps across modals",All,-,-,-,A11Y,Unverified,Docs only,Re-run axe on all L1 surfaces
CLAIM-3,UI_UX_FINDINGS,Tables,Claims virtualized tables and Dense mode,J7,-,-,-,,Partly-verified,components/VirtualizedTable.tsx exists (react-virtual); Dense mode not confirmed,Check which lists use VirtualizedTable; confirm Dense toggle
UX-N01,Audit 2026-09-30 (browser),Dashboard cards,Raw 'Request failed with status code 500' shown to users in the Needs attention card (Support ID and Retry are good),J10,Medium,3,S,I18N;COG,Fixed-uncommitted,"api/client.ts getErrorMessage maps no-message failures to plain copy (network, timeout, 403, 404, 429, 5xx) in en+hi; client.test.ts covers it",Verify on a real backend error
UX-N02,Audit axe (desktop+mobile),"Sales history, settings/users","Row and select-all checkboxes have no accessible name (axe 'label' critical; 24 nodes on /settings/users, 2 on /sales/history)",J4;J10,Critical,4,S,A11Y,Fixed-uncommitted,aria-label on Sales history row/select-all (common.selectRow/selectAllRows) and 8 permission checkboxes per user on Settings > Users; axe clean desktop,Move Users column headers to i18n (UX-N10)
UX-N03,Audit axe,"New invoice, New purchase",3 numeric inputs per editor have no label (axe 'label' critical),J4;J6,Critical,5,S,A11Y,Fixed-uncommitted,"DocumentTaxSummary inputs labelled (Additional charges, Invoice discount, Collect as); Amount received/paid input labelled on both editors; DocumentTaxSummary.test.tsx + axe clean on /sales/new, /purchases/new","Give each line-total, charge and discount input a programmatic label; verify with axe"
UX-N04,Audit axe,"New invoice, New purchase",2 comboboxes per editor have no accessible name (aria-labelledby points at itself),J4;J6,High,4,S,A11Y,Fixed-uncommitted,Invoice discount mode and payment mode selects named via SelectDisplayProps aria-label; axe aria-input-field-name clean,Point aria-labelledby at the visible label id; add test
UX-N05,Audit axe,"Invoice/purchase editors, settings/items","Disabled helper text fails colour contrast (serious): 1 node per editor, 6 on /settings/items",J4;J6;J2,High,3,S,A11Y,Fixed-uncommitted,theme MuiFormHelperText disabled colour = text.secondary; axe color-contrast clean on editors and /settings/items,Theme-level fix: disabled helper-text colour >= 4.5:1 in theme/index.ts (one change fixes all)
UX-N06,Audit axe,Inventory stock,aria-hidden SVG icon is focusable (aria-hidden-focus),J7,Medium,2,S,A11Y,Fixed-uncommitted,CurrentStockPage reserved hint: focusable span role=img with the label wraps the aria-hidden icon; axe clean on /inventory/stock,Remove focusability from the icon or wrap it in a named button
UX-N07,Audit axe (mobile),"New invoice, New purchase, POS, Bank statements, Bank accounts",Horizontally scrollable regions are not keyboard-focusable (scrollable-region-focusable),J3;J4;J6;J9,High,3,M,A11Y;MOBILE,Partial-uncommitted,"theme MuiTableContainer tabIndex=0; phase DataTable region (tabIndex, role=region, common.scrollableTable). Mobile axe clean on the 5 flagged routes. About 51 other Paper overflow:auto tables were not touched",Re-check after full crawl; introduce ScrollRegion and migrate remaining Paper overflow tables
UX-N08,Audit crawl (mobile),Global,"Average 10 interactive targets per page under 44px at 393px; worst: /sales/new 31, /purchases/new 30, /pos 25, /sales/history 23",J3;J4,High,4,L,MOBILE;COG,Partial-uncommitted,mobile.json smallTargets,"Theme sets 44px below sm; re-measure with the crawl after S1, then fix only pages that stay high (editors, POS, leads)"
UX-N09,Audit crawl,68 of 141 pages,"No h1 on the page (titles render at other heading levels), hurting screen-reader navigation",All,Low,3,M,A11Y,Nearly-done,"Real-backend crawl: 9 of 141 pages without an h1 (the 68 came from mock mode). Six were landing pages, now fixed. Left: /invite, /help, /settings/help",Add a page title to the three pages and re-crawl
UX-N10,Audit static scan,"Products, Item dialog, Invoice detail, GST settings, Users, Stock count","Hard-coded English strings bypass i18n (e.g. 'Add godown / lot', 'Receipt voided'); Hindi users see mixed language. fullParity.test only checks key parity",All,Medium,3,M,I18N,Partial,"Swept screens plus invoice and purchase field labels are in en/hi. literalRatchet.test.ts guards the swept files. Other screens still have literals. Hindi walk not done",Finish the remaining screens; Hindi walk at 393px
UX-N11,Audit static scan,"35 pages no loading, 40 no error, 48 no empty state (heuristic, needs manual confirm)",Missing UI states raise uncertainty and cause blank screens,All,Medium,3,M,COG,Partial,"Document lists use DocumentListPage. Service pages, demand forecast and shared tickets show loading, error and empty. Static pages such as help and login do not fetch a list",The old scan counts were not re-run page by page
UX-N12,Audit static scan + browser,"New invoice, Products, Item dialog, Purchase editor",Highest cognitive load: 120 / 121 / 101 / 102 controls; 10+ header fields and a 10-column line table before the first item at 800px width,J4;J6;J7,High,5,L,COG;MOBILE;DESIGN-NEEDED,Open,static_scan.csv choice_count; browser /sales/new,"Progressive disclosure: header shows Customer, Date, Type; move Godown, Cost centre, e-commerce, SEZ under More details; hide low-use line columns; persona defaults"
UX-N13,Audit browser,New invoice,"Three completion buttons (Save & Complete, Complete and start another, Save draft) plus a five-shortcut hint line (Hick)",J4,Low,2,S,COG,Closed,GD-32 keeps all three buttons visible,Do not fold them into a menu
UX-N14,Audit browser,New invoice,Generic blocked-Complete hint said 'customer/supplier' on both sales and purchase editors (named per-reason blockers already exist once a party and line are set: completeGates/completeBlockers.ts). Still no action button that focuses the missing field,J4,Medium,4,M,COG;I18N,Partial-uncommitted,"DocumentEditorShell partyRole prop; NewInvoicePage=customer, NewPurchasePage=supplier; new keys completeDisabledReasonCustomer/Supplier en+hi. Correction: the string is i18n (en.ts), not hard-coded as first noted",Add focus-the-missing-field action (needs design decision on order)
UX-N15,Audit browser,Receipts list,Empty Source and UTR columns hidden; pager shows page of N and total,J5,Low,2,S,COG,Fixed-uncommitted,ReceiptsPage hides a column when every row on the page is blank. common.pageOf,Browser check still owed
UX-N16,Audit browser,Collections,"Developer-language copy: 'This list is a screen. It is not a prediction model', 'Nothing is sent through WhatsApp Cloud'",J5,Medium,3,S,I18N;COG,Fixed-uncommitted,"osPlan.collectionsHelp and osPlan.screenOnly rewritten in plain language, en+hi","Rewrite in owner language (who owes you, oldest first, tap to remind on WhatsApp); move disclaimers behind a help link"
UX-N17,Audit browser,Dashboard,Low stock KPI shows 1 while Business alerts lists 2 items below reorder (mock data; verify with real backend),J10,Medium,3,S,BIZ-LOGIC,Partial,DashboardPage.test shows the KPI uses the loaded list length,Still needs a real-backend check
UX-N18,Audit tooling,POS e2e,pos-friction QOS-0040 selector matched the new 'Cash + UPI' split button first and failed; UI behaviour was correct,J3,Low,1,S,,Fixed-uncommitted,web/e2e/pos-friction.spec.ts,Selector tightened 2026-09-30; spec passes
UX-N19,Audit tooling,Mock mode,Every page load fires a request that 500s in mock mode (console errors on 137 of 141 routes) and hides real console errors,All,Low,2,S,,Partial,Mock handlers short-circuit memberships and dashboard insight GETs,Console-error assertions and the crawl are still off
UX-N20,Audit gap,All,"Lighthouse/INP, low-end Android and real-data volumes were not measured (mock-mode render avg 1.4s, max 2.2s)",All,Medium,3,M,,Open,chromium.json ms,Run against staging with realistic data in Wave 7
UX-N21,Audit tooling 2026-09-30,CI lint,"npm run lint is red at HEAD: react-hooks v7 rules (refs, set-state-in-effect, preserve-manual-memoization) report 37 errors in PosPage, NewInvoicePage, NewPurchasePage; the uncommitted work adds about 9 more (PosPage refs, exhaustive-deps; Collections exhaustive-deps; NewInvoice ref read during render for the leave guard)",All,High,3,M,,Partial,"eslint --quiet is clean on PosPage, NewInvoicePage, NewPurchasePage in the working tree",Full npm run lint not re-run; Collections not rechecked
UX-N22,Audit browser Hindi 375px,New invoice,Invoice type and price mode labels are in en and hi,J4,Medium,3,S,I18N,Fixed-uncommitted,billing.gstInvoice priceMode taxExclusive taxInclusive on both editors,Browser Hindi check still owed
UX-N23,Audit browser Hindi 375px,New invoice,Prefix label shortened. Line table and header disclosure still wait for sessions,J4,High,4,M,MOBILE;COG;I18N,Partial-uncommitted,billing.invoicePrefix is Prefix / उपसर्ग,A2-5 mobile line layout waits for a session date
UX-N24,Audit browser Hindi 375px,Editor error,The editor error can be closed without covering the save buttons,All,Low,2,S,MOBILE,Fixed-uncommitted,DocumentEditorShell passes onDismissError to HelpErrorAlert. The alert stays above the sticky actions,Browser check still owed
UX-M01,Gated audit G1,Books screens,"Books turned on but the chart of accounts was never created",J9,High,4,M,COG,Fixed-uncommitted,One banner: no chart copy only, back-fill, or quiet. Untrusted totals show a dash. No Create-chart button,Browser check on the audit company still owed
UX-M02,Gated audit G2,"GSTR-6, 7, 8",Three pages are stubs ('This return type is not implemented. The API returns an empty payload with supported: false') and the H1 carries the disclaimer ('GSTR-6 (not filing)'),J9,High,4,S,I18N;COG,Fixed-uncommitted,"GSTR-6/7/8 hidden from the menu (notReadyNav, decision GD-11) and body copy rewritten",H1 disclaimer on direct links still open (GM-20)
UX-M03,Gated audit G2,CA needs and Missing documents,/ca-needs and /reports/missing-documents are the same page with the same title,J9,Medium,2,S,COG,Not-a-defect,walk: both routes identical,"Closed: /ca-needs?view=client is a different view of the same page (round 4, Q14)"
UX-M04,Gated audit G1-G3,"Inventory, books, GST subtitles","Nine subtitles used developer words (API name, TRANSFER_OUT, ADJUSTMENT, track_serial, SLM, CoA, contra entry, back-fill, curator)",J7;J9,Medium,3,S,I18N;COG,Fixed-uncommitted,"i18n en.ts and hi.ts: godowns, transfers, expiry, serials, fixed assets, chart of accounts, journals, books back-fill, GST rate disclaimer",Add a test that fails on ALL_CAPS_WITH_UNDERSCORES in user-visible i18n values
UX-M05,Gated audit G4-G5,"Complaints, tickets, contracts, referrals, campaigns","Enum values are shown raw: OTHER, MEDIUM, IN_PROGRESS, WARRANTY, FLAT, DIGITAL, DRAFT, MOTOR",J11;J12,Medium,3,M,I18N,Fixed-uncommitted,"utils/enumLabels.ts + enums.* (en, hi) applied to complaints, supplier complaints, tickets, contracts, campaigns, referrals, insurance line, pipeline stages; tests updated | Verified on the real backend 2026-09-30 after a web rebuild: axe 0 serious on leads, complaints, tickets, contracts, campaigns, referrals, pipeline; h1 present",Remaining raw codes: lead source in filters
UX-M06,Gated audit G5,"Complaints, supplier complaints, tickets",'Average resolution (seconds)' shows a duration in seconds,J12,Medium,3,S,COG,Fixed-uncommitted,"utils/duration.ts + test; Tickets, Complaints, Supplier complaints show a duration and the label reads Average time to resolve (en, hi)",Format as hours or days with a unit
UX-M07,Gated audit G4-G5,"Complaints, tickets, job cards, projects, contracts, campaigns, referrals","The create form is always open at the top of the list, so the list starts below the fold and the page shows 9 to 13 fields before any record",J11;J12,High,4,M,COG;MOBILE,Partial-uncommitted,"CreateDialog (components/CreateDialog.tsx) now holds the create form on complaints, supplier complaints and tickets; list first | Verified on the real backend 2026-09-30 after a web rebuild: axe 0 serious on leads, complaints, tickets, contracts, campaigns, referrals, pipeline; h1 present","Job cards, projects, contracts, campaigns, referrals still inline"
UX-M08,Gated audit G4,Leads,"Highest load in the growth set (55 controls, 21 inputs): CSV import, web-form link, WhatsApp webhook link and 'Replace webhook link' sit beside the daily list",J11,High,4,M,COG,Fixed-uncommitted,"Four capture buttons grouped into one Lead capture menu (LeadsPage); test added | Verified on the real backend 2026-09-30 after a web rebuild: axe 0 serious on leads, complaints, tickets, contracts, campaigns, referrals, pipeline; h1 present",Re-run axe and the real-backend walk
UX-M09,Gated audit G4,Leads,"Per-row assignee select had no accessible name (axe aria-input-field-name, 8 nodes); 30 small targets on desktop",J11,High,4,S,A11Y,Fixed-uncommitted,"axe on /crm/leads; osPlan.assignLead in en and hi | Verified on the real backend 2026-09-30 after a web rebuild: axe 0 serious on leads, complaints, tickets, contracts, campaigns, referrals, pipeline; h1 present",Re-run axe; then fix the target-size node
UX-M10,Gated audit all,"Dashboard, login redirect, setup","Unnamed progress bars (axe aria-progressbar-name) on the onboarding checklist, setup wizard and insights factor bars",J1;J2;J10,High,3,S,A11Y,Fixed-uncommitted,"axe on /, /setup (real backend) | Verified on the real backend 2026-09-30 after a web rebuild: axe 0 serious on leads, complaints, tickets, contracts, campaigns, referrals, pipeline; h1 present",Re-run axe
UX-M11,Gated audit G4,Leads and Opportunities,"Copy says 'This is a lead notebook, not a CRM pipeline' while the menu has a Pipeline page with a Kanban board",J11,Medium,3,S,I18N;COG,Fixed-uncommitted,osPlan.crmNotebook rewritten in en and hi,-
UX-M12,Gated audit G3,Statutory licences,User copy names an internal archetype code ('ARCH-05'),J7,Low,1,S,I18N,Fixed-uncommitted,ARCH-05 removed from the licences subtitle; i18n guard test added,-
UX-M13,Gated audit G6,Work orders,Release confirm waits for serials on serial-tracked components,J13,Medium,3,M,COG,Fixed-uncommitted,Row Release stays enabled. Confirm is disabled until serial text is entered and names the parts,Browser check on the audit company still owed
UX-M14,Gated audit G8,Billing,"'Start checkout' is shown beside 'Checkout stays closed', and the page says 'No subscription is active' for a company that has a plan",J2,Medium,3,S,COG,Needs-verification,"walk: /settings/billing on the audit company (plan ux-full-demo, status trial)",Disable or hide the button with the reason; verify the subscription state text
UX-M15,Gated audit G4-G8,Landing page for an off module,"The 'This module is not on yet' page has no h1 (insights, insurance)",All,Medium,2,S,A11Y,Fixed-uncommitted,"EmptyState asPage renders an h1; LimitedAccessLanding uses it | Verified on the real backend 2026-09-30 after a web rebuild: axe 0 serious on leads, complaints, tickets, contracts, campaigns, referrals, pipeline; h1 present",Re-run crawl
UX-M16,Gated audit static,Service pages,Loading error and empty on the growth and service lists,J12,Medium,3,M,COG,Fixed-uncommitted,"Complaints, supplier complaints, tickets, campaigns, contracts, projects, job cards, referrals, insurance use PageState",Inventory sub-pages were not in this slice
UX-M17,Tooling,Full-demo tooling,"A trial subscription is created at first login and turns CRM, manufacturing and payroll off; the audit company is now moved to a plan that names every module (never the shared trial plan)",All,Medium,3,S,,Fixed-uncommitted,provision_ux_audit _ensure_full_demo_plan; test added,Note for pilots: the same rule applies to any subscribed company (Holistic H5.1)
UX-M18,Tooling,Flag cache,"Feature flags were stale for several minutes after a plan change, so a walk right after saw 'module not on yet'",All,Low,2,S,,Not-reproduced,"Backend has no flag cache (FeatureFlagsView builds flags per request, subscription_for_company reads the DB). The stale walk most likely ran before the plan change landed. Later walks were correct",Dropped (GM-84)
UX-M19,Gated audit G2,GST worksheets,"Honesty copy is consistent and strong ('Not filed - worksheet for your CA', 'does not upload to the portal')",J9,Positive,0,-,,Verified,walk text of all GST pages,Keep; extend the same pattern to any new return
UX-M20,Gated audit G4-G5,"Campaigns, referrals, insurance, tickets",Honesty sentences from the Holistic plan (H5.2 to H5.6) are already on the pages,J11;J12,Positive,0,-,,Verified,"walk text: campaigns, referrals, insurance, tickets",Only the Hindi versions need checking
