ID,Severity,Category,Location,Problem,Root Cause,User Impact,Reproduction,Recommended Fix,Regression Risk
DR-001,P1,Architecture,"backend/contracts/tasks.py:10 refresh_contract_statuses; backend/sales/tasks.py:274 generate_recurring_invoices_task; backend/sales/recurring.py:210 process_due_schedules; backend/config/celery.py:147 set_rls_company_for_task","Argument-free beat tasks scan tenant tables after prerun sets an empty app.company_id. With FORCE RLS the scans match nothing and return success.","These sweeps never call iter_company_ids/set_rls_company or rls_bypass. Sibling beats do. SQLite tests no-op the GUC.","Turning RLS on stops contract expiry updates and recurring draft invoices with no error. RLS off (current prod examples) still works.","POSTGRES_RLS_ENABLED=1 on Postgres. Due contract and due recurring schedule. Run both tasks with no args. Zero updates. Flag off: both move rows.","Loop companies and set_rls_company per company. Postgres RLS test that due rows change.","Per-company loop is slower; keep RecurringInvoiceRun period_key idempotency; do not let status update clear CANCELLED."
DR-002,P1,Data,"backend/insurance/services.py:55 issue_policy; choose_option:45","Issuing a second option on the same option set creates a second in-force policy. Idempotency only checks that option's own policies.","Uniqueness is per Policy.option, not per option set or lead.","One prospect is covered twice and consumes two policy numbers and two premiums.","Choose option A, issue, choose option B, issue. Two IN_FORCE policies.","Lock the option set and reject when any option already has a live policy.","A second policy on a different option set for the same customer must still be allowed."
DR-003,P1,Data,"backend/insurance/services.py:146 renewal_diary","Renewal leads are deduped by a racy exists() on customer name and a message prefix. No policy FK and no unique constraint.","String match instead of a foreign key. Two transactions can both pass exists().","Parallel diary runs duplicate leads. Renaming the customer or editing the message duplicates or suppresses the renewal.","Two parallel diary posts for one in-window policy create two leads. Rename the customer and post again for a third.","UniqueConstraint from the generated lead to the policy. Treat IntegrityError as already created.","First run after deploy may insert one catch-up lead per in-window policy."
DR-004,P1,Logic,"backend/insurance/services.py:69 issue_policy","end_date = start_date + tenure_months * 30 days.","Month length hardcoded as 30.","A 12-month policy from 2026-01-01 ends 2026-12-27. Cover and renewal are early.","Issue tenure_months=12 start 2026-01-01. end_date is 2026-12-27 not 2027-01-01.","Add calendar months or store an adviser-supplied end date. Backfill only rows that still match the 30-day formula.","Moving existing end dates shifts renewal windows. Dry-run the migration."
DR-005,P1,Data,"backend/projects/services.py:61 invoice_milestone; close_project:94; projects/models.py:42 sales_invoice PROTECT","Milestone is marked INVOICED against a DRAFT sales invoice. Any non-null FK blocks re-invoice, including a cancelled draft. Close treats the link as billed.","Has-a-row was treated as revenue posted. SalesService.complete is never called.","Project looks billed. Receivables do not move. The milestone cannot be invoiced again.","Invoice a ready milestone, cancel or abandon the draft, invoice again, then close. Same draft id; project CLOSED.","Set INVOICED only after COMPLETED, or clear the FK on cancel. Close refuses non-completed invoices.","Auto-complete surfaces GST Guard and credit-limit errors on this action. Do not swallow them."
DR-006,P1,UI,"web/src/pages/projects/ProjectsPage.tsx:61 invoice onSuccess","Navigation uses the first milestone salesInvoice on the project, not the milestone that was posted.","The click's milestone id is discarded. find(Boolean) picks the first linked invoice.","Invoicing a later milestone opens the previous invoice. The operator completes the wrong document.","Milestone A already invoiced, B ready. Invoice B. Router opens A's invoice.","Select the milestone id that was posted. Component test with two milestones.","Single-milestone projects unchanged."
DR-007,P2,Data,"backend/complaints/views.py:71 _link_document; backend/complaints/services.py:37 transition_status","Credit note, return, and replacement order are saved as drafts. APPROVED can still move to RESOLVED. Transitions are not row-locked.","Serializer create is not the complete service. Resolution checks that a row exists.","A resolved complaint leaves the customer balance unchanged. The report counts it as closed with a document.","create-credit-note then transition RESOLVED. Note stays DRAFT. Outstanding unchanged.","Resolve only when the linked document is completed. select_for_update on transition.","Completion will surface GST and stock errors on the complaint action."
DR-008,P2,Logic,"backend/crm/referrals.py:250 evaluate_referral_reward","Rewards quantize to whole rupees (Decimal 1) while the ledger uses paise.","quantize exponent is 1, not 0.01.","Referrers are off by up to fifty paise per deal.","2.5 percent of 1000.40 stores 25 instead of 25.01.","Quantize to 0.01 with the tax engine's rounding. Do not recompute PAID rows.","Pending rows keep old amounts unless backfilled."
DR-009,P2,Logic,"backend/support/tickets.py:75 transition_status","SLA is extended only when leaving WAITING. During WAITING the original deadline still looks breached. Reopen does not start a new clock.","Pause is retroactive on exit instead of applied while waiting_since is set.","Agents show in breach during a customer hold. Reopened tickets are immediately overdue.","MEDIUM ticket, move to WAITING, advance past sla_due_at. Overdue queries include it.","Overdue reads add the open wait. Reopen sets a fresh sla_due_at from SLA_OFFSETS.","Do not rewrite historical timestamps; change the read formula."
DR-010,P2,API,"backend/projects/views.py:52 milestones; :56 ready; :63 invoice; backend/insurance/views.py:111 create; :161 renewal diary","Garbage sequence, unknown milestone, or bad start_date/within_days raise ValueError or AttributeError and return 500.","Actions parse request.data without serializers or get_object_or_404.","Bad input looks like an outage.","POST milestone sequence x; POST ready on milestone 999999; POST policy start_date tomorrow. All 500.","Request serializers and company-scoped 404/400. Map BusinessRuleError on these viewsets.","Numeric strings that int() accepts keep working."
DR-011,P2,Security,"backend/billing/views.py:179 RazorpayWebhookView.post","With an empty webhook secret, DJANGO_ENV=test accepts any unsigned body. The X-Bizboard-Test-Webhook check is unreachable.","The header condition is AND env != test, which contradicts the branch that already returned for non-test.","A public host left in the test env with no secret accepts forged billing events. Prod/staging with a non-test env still 403.","DJANGO_ENV=test, empty secret, POST webhook with no signature and no test header. Not 403.","Require the test header whenever the secret is empty, including the test env.","Fixtures that omitted the header must send it."
DR-012,P2,Security,"backend/insurance/views.py:131 commission; backend/insurance/services.py:134 open_commission","Amount is unvalidated. Negatives are stored. Repeats insert another receivable. Non-numeric input is a 500.","Custom action skipped serializers and idempotency.","Commission receivable can be negative or duplicated inside the tenant.","POST commission amount -1 twice. Two rows. POST amount nope. 500.","Decimal > 0, idempotency scope including policy id, 400 on bad input.","String decimals such as 100.50 should still parse."
DR-013,P2,UI,"web/src/pages/projects/ProjectsPage.tsx:32 and :82; web/src/pages/insurance/InsurancePage.tsx:78 and :120","Milestone fields are shared across every open project. No Close button. Insurance list hides end date and leaves Issue armed after success.","Single page-level state and a happy-path form that omits the rest of the API.","Milestone text is applied to the wrong project. Cover end date (DR-004) is invisible. Second issue is one click away (DR-002).","Two projects: typing a milestone name fills both cards. Issue a policy: list shows number and status only.","Per-project state, Close action, render endDate, clear chosen after issue, disable buttons while pending.","Existing flag-off page test still applies."
DR-015,P2,Architecture,"backend/contracts/tasks.py:26; backend/contracts/models.py:51 save; backend/contracts/serializers.py to_representation","Stored contract status is only refreshed by the beat or by save(). GET does not recompute. QuerySet.update in the beat skips save().","Status is a cache with a single writer that DR-001 can disable.","Lists and reports show ACTIVE for contracts that have already ended, for up to a day even when RLS is off, and indefinitely when RLS is on.","Create a contract ending yesterday. GET ?status=ACTIVE without running the beat. It is returned.","Derive status on read (preserve CANCELLED) or make the beat RLS-safe and frequent enough to match the product promise.","Deriving on read must not turn CANCELLED into EXPIRED."
