Task ID,Priority in the workbook before this review
P-0009,P0
P-0019,P0
P-0025,P3
P-0036,P3
P-0084,P3
P-0085,P3
P-0086,P3
P-0091,P3
P-0097,P3
P-0121,P3
P-0122,P3
P-0123,P3
P-0137,P0
P-0138,P3
P-0147,P3
P-0148,P3
P-0159,P3
P-0163,P3
P-0167,P3
P-0168,P3
P-0169,P3
P-0172,P3
P-0173,P3
P-0182,P3
X-0191,P0
X-0197,P0
X-0206,P0
X-0208,P0
X-0216,P0
X-0224,P0
X-0226,P0
X-0230,P0
X-0232,P0
X-0236,P0
X-0243,P0
X-0246,P1
X-0267,P0
X-0278,P0
X-0287,P0
X-0301,P0
X-0308,P0
X-0323,P0
X-0343,P0
X-0354,P0
X-0374,P0
X-0443,P0
X-0444,P0
X-0455,P0
X-0460,P0
X-0461,P0
X-0462,P0
P-0510,P0
X-0526,P3
X-0544,P3
UX-0591,P2
UX-0593,P3
R-0648,P0
SaaS-0676,P0
D-0695,P3
X-0709,P0
